moodifyindex(mi),Name of Material,CAS,CID,SMILES,ConnectivitySMILES,InChI,InChIKey,IUPACName,retrieved_by,_processing_key,vp_mmhg_pubchem_clean,vp_value_original_clean,vp_unit_original_clean,vp_temperature_c,vp_temperature_reason,vp_is_estimated_or_extrapolated,vp_raw_pubchem_clean,vp_parse_score,resolved_cid_clean,cid_resolution_method,vp_primary_cid,vp_primary_method,vp_attempted_cids,vp_fallback_used,vp_fallback_reason,pubchem_title_clean,vp_status,vp_error
1000001,BENZALDEHYDE,100-52-7,240,C1=CC=C(C=C1)C=O,C1=CC=C(C=C1)C=O,InChI=1S/C7H6O/c8-6-7-4-2-1-3-5-7/h1-6H,HUMNYLRZRPPJDN-UHFFFAOYSA-N,benzaldehyde,CID,0|CAS=100-52-7|CID=240|NAME=BENZALDEHYDE,0.99758204,133.0,Pa,26.0,explicit_temperature_near_value,False,"Vapor pressure, Pa at 26 °C: 133",104.0,240,resolved_from_cas,240,resolved_from_cas,240:resolved_from_cas,False,not_needed,Benzaldehyde,found,
1000002,BOURGEONAL,18127-01-0,64832,CC(C)(C)C1=CC=C(C=C1)CCC=O,CC(C)(C)C1=CC=C(C=C1)CCC=O,"InChI=1S/C13H18O/c1-13(2,3)12-8-6-11(7-9-12)5-4-10-14/h6-10H,4-5H2,1-3H3",FZJUFJKVIYFBSY-UHFFFAOYSA-N,3-(4-tert-butylphenyl)propanal,CID,1|CAS=18127-01-0|CID=64832|NAME=BOURGEONAL,,,,,,,,,64832,resolved_from_cas,64832,resolved_from_cas,64832:resolved_from_cas,False,tried_all_cids_no_accepted_roomtemp_vp,Bourgeonal,no_vapor_pressure_section,
1000003,CAMPHOR,76-22-2,2537,CC1(C2CCC1(C(=O)C2)C)C,CC1(C2CCC1(C(=O)C2)C)C,"InChI=1S/C10H16O/c1-9(2)7-4-5-10(9,3)8(11)6-7/h7H,4-6H2,1-3H3",DSSYKIVIOFKYAU-UHFFFAOYSA-N,"1,7,7-trimethylbicyclo[2.2.1]heptan-2-one",CID,2|CAS=76-22-2|CID=2537|NAME=CAMPHOR,0.20251665,27.0,Pa,20.0,explicit_temperature_near_value,False,Vapor pressure = 27 Pa at 20 °C (= 0.20 mm Hg),100.0,2537,resolved_from_cas,2537,resolved_from_cas,2537:resolved_from_cas,False,not_needed,Camphor,found,
1000004,CEDROL METHYL ETHER,19870-74-7,88288,C[C@@H]1CC[C@@H]2[C@]13CC[C@]([C@H](C3)C2(C)C)(C)OC,CC1CCC2C13CCC(C(C3)C2(C)C)(C)OC,"InChI=1S/C16H28O/c1-11-6-7-12-14(2,3)13-10-16(11,12)9-8-15(13,4)17-5/h11-13H,6-10H2,1-5H3/t11-,12+,13-,15+,16+/m1/s1",HRGPYCVTDOECMG-WALBABNVSA-N,"(1S,2R,5S,7R,8S)-8-methoxy-2,6,6,8-tetramethyltricyclo[5.3.1.01,5]undecane",CID,3|CAS=19870-74-7|CID=88288|NAME=CEDROL METHYL ETHER,,,,,,,,,88288,resolved_from_cas,88288,resolved_from_cas,88288:resolved_from_cas; 11085796:fallback_resolved_from_name,False,tried_all_cids_no_accepted_roomtemp_vp,8-Methoxycedrane,no_vapor_pressure_section,
1000005,(E)-CITRAL,141-27-5,638011,CC(=CCC/C(=C/C=O)/C)C,CC(=CCCC(=CC=O)C)C,"InChI=1S/C10H16O/c1-9(2)5-4-6-10(3)7-8-11/h5,7-8H,4,6H2,1-3H3/b10-7+",WTEVQBCEXWBHNA-JXMROGBWSA-N,"(2E)-3,7-dimethylocta-2,6-dienal",CID,4|CAS=141-27-5|CID=638011|NAME=(E)-CITRAL,,,,,,,"5 mmHg at 194 °F ; 1 mmHg at 143.1 °F; 760 mmHg at 442 °F (NTP, 1992) | 0.09 [mmHg] | Vapor pressure, Pa at 100 °C:",,638011,resolved_from_cas,638011,resolved_from_cas,638011:resolved_from_cas,False,tried_all_cids_no_accepted_roomtemp_vp,Citral,vp_section_found_but_no_accepted_roomtemp_value,
1000006,COUMARIN,91-64-5,323,C1=CC=C2C(=C1)C=CC(=O)O2,C1=CC=C2C(=C1)C=CC(=O)O2,InChI=1S/C9H6O2/c10-9-6-5-7-3-1-2-4-8(7)11-9/h1-6H,ZYGHJZDHTFUPRJ-UHFFFAOYSA-N,chromen-2-one,CID,5|CAS=91-64-5|CID=323|NAME=COUMARIN,0.00098,0.0009800000000000002,mm Hg,25.0,explicit_temperature_near_value,True,"9.8X10-4 mm Hg @ 25 °C, extrapolated",67.0,323,resolved_from_cas,323,resolved_from_cas,323:resolved_from_cas,False,not_needed,Coumarin,found,
1000007,EUGENOL NATURAL,97-53-0,3314,COC1=C(C=CC(=C1)CC=C)O,COC1=C(C=CC(=C1)CC=C)O,"InChI=1S/C10H12O2/c1-3-4-8-5-6-9(11)10(7-8)12-2/h3,5-7,11H,1,4H2,2H3",RRAFCDWBNXTKKO-UHFFFAOYSA-N,2-methoxy-4-prop-2-enylphenol,CID,6|CAS=97-53-0|CID=3314|NAME=EUGENOL NATURAL,0.03,0.03,mmHg,25.0,explicit_temperature_near_value,False,"0.03 mmHg at 77 °F (NTP, 1992)",75.0,3314,resolved_from_cas,3314,resolved_from_cas,3314:resolved_from_cas,False,not_needed,Eugenol,found,
1000008,FLORHYDRAL,125109-85-5,86209,CC(C)C1=CC(=CC=C1)C(C)CC=O,CC(C)C1=CC(=CC=C1)C(C)CC=O,"InChI=1S/C13H18O/c1-10(2)12-5-4-6-13(9-12)11(3)7-8-14/h4-6,8-11H,7H2,1-3H3",OHRBQTOZYGEWCJ-UHFFFAOYSA-N,3-(3-propan-2-ylphenyl)butanal,CID,7|CAS=125109-85-5|CID=86209|NAME=FLORHYDRAL,,,,,,,,,86209,resolved_from_cas,86209,resolved_from_cas,86209:resolved_from_cas,False,tried_all_cids_no_accepted_roomtemp_vp,Florhydral,no_vapor_pressure_section,
1000009,GAMMA METHYL IONONE,127-51-5,5372174,CC1=CCCC(C1/C=C(\C)/C(=O)C)(C)C,CC1=CCCC(C1C=C(C)C(=O)C)(C)C,"InChI=1S/C14H22O/c1-10-7-6-8-14(4,5)13(10)9-11(2)12(3)15/h7,9,13H,6,8H2,1-5H3/b11-9+",JRJBVWJSTHECJK-PKNBQFBNSA-N,"(E)-3-methyl-4-(2,6,6-trimethylcyclohex-2-en-1-yl)but-3-en-2-one",CID,8|CAS=127-51-5|CID=5372174|NAME=GAMMA METHYL IONONE,,,,,,,,,5372174,resolved_from_cas,5372174,resolved_from_cas,5372174:resolved_from_cas,False,tried_all_cids_no_accepted_roomtemp_vp,"3-Methyl-4-(2,6,6-trimethyl-2-cyclohexen-1-yl)-3-buten-2-one",no_vapor_pressure_section,
1000011,GAMMA NONALACTONE,104-61-0,7710,CCCCCC1CCC(=O)O1,CCCCCC1CCC(=O)O1,"InChI=1S/C9H16O2/c1-2-3-4-5-8-6-7-9(10)11-8/h8H,2-7H2,1H3",OALYTRUKMRCXNH-UHFFFAOYSA-N,5-pentyloxolan-2-one,CID,9|CAS=104-61-0|CID=7710|NAME=GAMMA NONALACTONE,,,,,,,,,7710,resolved_from_cas,7710,resolved_from_cas,7710:resolved_from_cas,False,tried_all_cids_no_accepted_roomtemp_vp,Gamma-Nonalactone,no_vapor_pressure_section,
1000012,HEDIONE,24851-98-7,102861,CCCCCC1C(CCC1=O)CC(=O)OC,CCCCCC1C(CCC1=O)CC(=O)OC,"InChI=1S/C13H22O3/c1-3-4-5-6-11-10(7-8-12(11)14)9-13(15)16-2/h10-11H,3-9H2,1-2H3",KVWWIYGFBYDJQC-UHFFFAOYSA-N,methyl 2-(3-oxo-2-pentylcyclopentyl)acetate,CID,10|CAS=24851-98-7|CID=102861|NAME=HEDIONE,,,,,,,,,102861,resolved_from_cas,102861,resolved_from_cas,102861:resolved_from_cas,False,tried_all_cids_no_accepted_roomtemp_vp,Hedione,no_vapor_pressure_section,
1000014,HEPTANAL,111-71-7,8130,CCCCCCC=O,CCCCCCC=O,"InChI=1S/C7H14O/c1-2-3-4-5-6-7-8/h7H,2-6H2,1H3",FXHGMKSSBGDXIY-UHFFFAOYSA-N,heptanal,CID,11|CAS=111-71-7|CID=8130|NAME=HEPTANAL,3.0,3.0,mmHg,25.0,explicit_temperature_near_value,False,3 mmHg at 77 °F,75.0,8130,resolved_from_cas,8130,resolved_from_cas,8130:resolved_from_cas,False,not_needed,Heptanal,found,
1000015,HEXANAL (ALDEHYDE C-6),66-25-1,6184,CCCCCC=O,CCCCCC=O,"InChI=1S/C6H12O/c1-2-3-4-5-6-7/h6H,2-5H2,1H3",JARKCYVAAOWBJS-UHFFFAOYSA-N,hexanal,CID,12|CAS=66-25-1|CID=6184|NAME=HEXANAL (ALDEHYDE C-6),10.5,10.5,mm Hg,20.0,explicit_temperature_near_value,False,Vapor pressure = 10.5 mm Hg at 20 °C,100.0,6184,resolved_from_cas,6184,resolved_from_cas,6184:resolved_from_cas,False,not_needed,Hexanal,found,
1000016,HYDROXYCITRONELLAL,107-75-5,7888,CC(CCCC(C)(C)O)CC=O,CC(CCCC(C)(C)O)CC=O,"InChI=1S/C10H20O2/c1-9(6-8-11)5-4-7-10(2,3)12/h8-9,12H,4-7H2,1-3H3",WPFVBOQKRVRMJB-UHFFFAOYSA-N,"7-hydroxy-3,7-dimethyloctanal",CID,13|CAS=107-75-5|CID=7888|NAME=HYDROXYCITRONELLAL,,,,,,,,,7888,resolved_from_cas,7888,resolved_from_cas,7888:resolved_from_cas,False,tried_all_cids_no_accepted_roomtemp_vp,Hydroxycitronellal,no_vapor_pressure_section,
1000017,ISOAMYL ACETATE,123-92-2,31276,CC(C)CCOC(=O)C,CC(C)CCOC(=O)C,"InChI=1S/C7H14O2/c1-6(2)4-5-9-7(3)8/h6H,4-5H2,1-3H3",MLFHJEHSLIIPHL-UHFFFAOYSA-N,3-methylbutyl acetate,CID,14|CAS=123-92-2|CID=31276|NAME=ISOAMYL ACETATE,5.6,5.6,mm Hg,25.0,explicit_temperature_near_value,False,5.6 mm Hg at 25 °C /from experimentally derived coefficients/,75.0,31276,resolved_from_cas,31276,resolved_from_cas,31276:resolved_from_cas,False,not_needed,Isoamyl Acetate,found,
1000018,HEXADIENOL,17102-64-6,641256,C/C=C/C=C/CO,CC=CC=CCO,"InChI=1S/C6H10O/c1-2-3-4-5-6-7/h2-5,7H,6H2,1H3/b3-2+,5-4+",MEIRRNXMZYDVDW-MQQKCMAXSA-N,"(2E,4E)-hexa-2,4-dien-1-ol",CID,15|CAS=17102-64-6|CID=641256|NAME=HEXADIENOL,,,,,,,,,641256,resolved_from_cas,641256,resolved_from_cas,641256:resolved_from_cas; 6449976:fallback_resolved_from_name,False,tried_all_cids_no_accepted_roomtemp_vp,"trans,trans-2,4-Hexadien-1-ol",no_vapor_pressure_section,
1000019,L-LINALOOL,126-91-0,443158,CC(=CCC[C@](C)(C=C)O)C,CC(=CCCC(C)(C=C)O)C,"InChI=1S/C10H18O/c1-5-10(4,11)8-6-7-9(2)3/h5,7,11H,1,6,8H2,2-4H3/t10-/m0/s1",CDOSHBSSFJOMGT-JTQLQIEISA-N,"(3R)-3,7-dimethylocta-1,6-dien-3-ol",CID,16|CAS=126-91-0|CID=443158|NAME=L-LINALOOL,,,,,,,,,443158,resolved_from_cas,443158,resolved_from_cas,443158:resolved_from_cas,False,tried_all_cids_no_accepted_roomtemp_vp,(-)-Linalool,no_vapor_pressure_section,
1000020,LINALYL ACETATE NATURAL,115-95-7,8294,CC(=CCCC(C)(C=C)OC(=O)C)C,CC(=CCCC(C)(C=C)OC(=O)C)C,"InChI=1S/C12H20O2/c1-6-12(5,14-11(4)13)9-7-8-10(2)3/h6,8H,1,7,9H2,2-5H3",UWKAYLJWKGQEPM-UHFFFAOYSA-N,"3,7-dimethylocta-1,6-dien-3-yl acetate",CID,17|CAS=115-95-7|CID=8294|NAME=LINALYL ACETATE NATURAL,0.00450037,0.6,Pa,20.0,explicit_temperature_near_value,False,"Vapor pressure, Pa at 20 °C: 0.6",100.0,8294,resolved_from_cas,8294,resolved_from_cas,8294:resolved_from_cas,False,not_needed,Linalyl Acetate,found,
1000021,MENTHOL,2216-51-5,16666,C[C@@H]1CC[C@H]([C@@H](C1)O)C(C)C,CC1CCC(C(C1)O)C(C)C,"InChI=1S/C10H20O/c1-7(2)9-5-4-8(3)6-10(9)11/h7-11H,4-6H2,1-3H3/t8-,9+,10-/m1/s1",NOOLISFMXDJSKH-KXUCPTDWSA-N,"(1R,2S,5R)-5-methyl-2-propan-2-ylcyclohexan-1-ol",CID,18|CAS=2216-51-5|CID=16666|NAME=MENTHOL,0.0637,0.0637,mm Hg,25.0,explicit_temperature_near_value,False,VP: 0.0637 mm Hg at 25 °C /l-Menthol/,75.0,1254,fallback_resolved_from_name,16666,resolved_from_cas,16666:resolved_from_cas; 1254:fallback_resolved_from_name,True,primary_cid_had_no_accepted_roomtemp_vp,Menthol,found,
1000022,(E)-2-NONENAL,18829-56-6,5283335,CCCCCC/C=C/C=O,CCCCCCC=CC=O,"InChI=1S/C9H16O/c1-2-3-4-5-6-7-8-9-10/h7-9H,2-6H2,1H3/b8-7+",BSAIUMLZVGUGKX-BQYQJAHWSA-N,(E)-non-2-enal,CID,19|CAS=18829-56-6|CID=5283335|NAME=(E)-2-NONENAL,,,,,,,,,5283335,resolved_from_cas,5283335,resolved_from_cas,5283335:resolved_from_cas,False,tried_all_cids_no_accepted_roomtemp_vp,2-Nonenal,no_vapor_pressure_section,
1000024,PHENYL ACETALD,122-78-1,998,C1=CC=C(C=C1)CC=O,C1=CC=C(C=C1)CC=O,"InChI=1S/C8H8O/c9-7-6-8-4-2-1-3-5-8/h1-5,7H,6H2",DTUQWGWMVIHBKE-UHFFFAOYSA-N,2-phenylacetaldehyde,CID,20|CAS=122-78-1|CID=998|NAME=PHENYL ACETALD,,,,,,,0.39 [mmHg],,998,resolved_from_cas,998,resolved_from_cas,998:resolved_from_cas,False,tried_all_cids_no_accepted_roomtemp_vp,Phenylacetaldehyde,vp_section_found_but_no_accepted_roomtemp_value,
1000025,PHENYL ETHANOL,60-12-8,6054,C1=CC=C(C=C1)CCO,C1=CC=C(C=C1)CCO,"InChI=1S/C8H10O/c9-7-6-8-4-2-1-3-5-8/h1-5,9H,6-7H2",WRMNZCZEMHIOCP-UHFFFAOYSA-N,2-phenylethanol,CID,21|CAS=60-12-8|CID=6054|NAME=PHENYL ETHANOL,0.06000493,8.0,Pa,20.0,explicit_temperature_near_value,False,"Vapor pressure, Pa at 20 °C: 8",100.0,6054,resolved_from_cas,6054,resolved_from_cas,6054:resolved_from_cas; 7409:fallback_resolved_from_name,False,not_needed,2-Phenylethanol,found,
1000026,ANETHOL,104-46-1,637563,C/C=C/C1=CC=C(C=C1)OC,CC=CC1=CC=C(C=C1)OC,"InChI=1S/C10H12O/c1-3-4-9-5-7-10(11-2)8-6-9/h3-8H,1-2H3/b4-3+",RUVINXPYWBROJD-ONEGZZNKSA-N,1-methoxy-4-[(E)-prop-1-enyl]benzene,CID,22|CAS=104-46-1|CID=637563|NAME=ANETHOL,0.04087836,5.45,Pa,20.85,explicit_temperature_near_value,False,5.45 Pa @ 294 deg K,70.0,637563,resolved_from_cas,637563,resolved_from_cas,637563:resolved_from_cas,False,not_needed,Anethole,found,
1000027,ORTHO-ACETYL PYRIDINE,1122-62-9,14286,CC(=O)C1=CC=CC=N1,CC(=O)C1=CC=CC=N1,"InChI=1S/C7H7NO/c1-6(9)7-4-2-3-5-8-7/h2-5H,1H3",AJKVQEKCUACUMD-UHFFFAOYSA-N,1-pyridin-2-ylethanone,CID,23|CAS=1122-62-9|CID=14286|NAME=ORTHO-ACETYL PYRIDINE,,,,,,,0.37 [mmHg],,14286,resolved_from_cas,14286,resolved_from_cas,14286:resolved_from_cas,False,tried_all_cids_no_accepted_roomtemp_vp,2-Acetylpyridine,vp_section_found_but_no_accepted_roomtemp_value,
1000028,STRAWBERRY ALDEHYDE C-16,77-83-8,6501,CCOC(=O)C1C(O1)(C)C2=CC=CC=C2,CCOC(=O)C1C(O1)(C)C2=CC=CC=C2,"InChI=1S/C12H14O3/c1-3-14-11(13)10-12(2,15-10)9-7-5-4-6-8-9/h4-8,10H,3H2,1-2H3",LQKRYVGRPXFFAV-UHFFFAOYSA-N,ethyl 3-methyl-3-phenyloxirane-2-carboxylate,CID,24|CAS=77-83-8|CID=6501|NAME=STRAWBERRY ALDEHYDE C-16,,,,,,,,,6501,resolved_from_cas,6501,resolved_from_cas,6501:resolved_from_cas,False,tried_all_cids_no_accepted_roomtemp_vp,Ethyl 3-methyl-3-phenylglycidate,no_vapor_pressure_section,
1000029,ALLYL CAPROATE NATURAL,123-68-2,31266,CCCCCC(=O)OCC=C,CCCCCC(=O)OCC=C,"InChI=1S/C9H16O2/c1-3-5-6-7-9(10)11-8-4-2/h4H,2-3,5-8H2,1H3",RCSBILYQLVXLJG-UHFFFAOYSA-N,prop-2-enyl hexanoate,CID,25|CAS=123-68-2|CID=31266|NAME=ALLYL CAPROATE NATURAL,,,,,,,,,31266,resolved_from_cas,31266,resolved_from_cas,31266:resolved_from_cas,False,tried_all_cids_no_accepted_roomtemp_vp,Allyl caproate,no_vapor_pressure_section,
1000030,A-CEDRENE EPOXIDE,13567-39-0,122510,CC1CCC2C13CC(C2(C)C)C4(C(C3)O4)C,CC1CCC2C13CC(C2(C)C)C4(C(C3)O4)C,"InChI=1S/C15H24O/c1-9-5-6-10-13(2,3)11-7-15(9,10)8-12-14(11,4)16-12/h9-12H,5-8H2,1-4H3",HZRFVTRTTXBHSE-UHFFFAOYSA-N,"2,6,6,8-tetramethyl-9-oxatetracyclo[5.4.1.01,5.08,10]dodecane",CID,26|CAS=13567-39-0|CID=122510|NAME=A-CEDRENE EPOXIDE,,,,,,,,,122510,resolved_from_cas,122510,resolved_from_cas,122510:resolved_from_cas,False,tried_all_cids_no_accepted_roomtemp_vp,alpha-Cedrene epoxide,no_vapor_pressure_section,
1000031,L-CARVONE,6485-40-1,439570,CC1=CC[C@H](CC1=O)C(=C)C,CC1=CCC(CC1=O)C(=C)C,"InChI=1S/C10H14O/c1-7(2)9-5-4-8(3)10(11)6-9/h4,9H,1,5-6H2,2-3H3/t9-/m1/s1",ULDHMXUKGWMISQ-SECBINFHSA-N,(5R)-2-methyl-5-prop-1-en-2-ylcyclohex-2-en-1-one,CID,27|CAS=6485-40-1|CID=439570|NAME=L-CARVONE,,,,,,,,,439570,resolved_from_cas,439570,resolved_from_cas,439570:resolved_from_cas,False,tried_all_cids_no_accepted_roomtemp_vp,"Carvone, (-)-",no_vapor_pressure_section,
1000032,PARA-CRESYL METHYL ETHER,104-93-8,7731,CC1=CC=C(C=C1)OC,CC1=CC=C(C=C1)OC,"InChI=1S/C8H10O/c1-7-3-5-8(9-2)6-4-7/h3-6H,1-2H3",CHLICZRVGGXEOD-UHFFFAOYSA-N,1-methoxy-4-methylbenzene,CID,28|CAS=104-93-8|CID=7731|NAME=PARA-CRESYL METHYL ETHER,,,,,,,1.14 [mmHg],,7731,resolved_from_cas,7731,resolved_from_cas,7731:resolved_from_cas,False,tried_all_cids_no_accepted_roomtemp_vp,4-Methylanisole,vp_section_found_but_no_accepted_roomtemp_value,
1000033,GERANIOL,106-24-1,637566,CC(=CCC/C(=C/CO)/C)C,CC(=CCCC(=CCO)C)C,"InChI=1S/C10H18O/c1-9(2)5-4-6-10(3)7-8-11/h5,7,11H,4,6,8H2,1-3H3/b10-7+",GLZPCOQZEFWAFX-JXMROGBWSA-N,"(2E)-3,7-dimethylocta-2,6-dien-1-ol",CID,29|CAS=106-24-1|CID=637566|NAME=GERANIOL,,,,,,,0.03 [mmHg],,637566,resolved_from_cas,637566,resolved_from_cas,637566:resolved_from_cas,False,tried_all_cids_no_accepted_roomtemp_vp,Geraniol,vp_section_found_but_no_accepted_roomtemp_value,
1000034,CUMINIC ALDEHYDE,122-03-2,326,CC(C)C1=CC=C(C=C1)C=O,CC(C)C1=CC=C(C=C1)C=O,"InChI=1S/C10H12O/c1-8(2)10-5-3-9(7-11)4-6-10/h3-8H,1-2H3",WTWBUQJHJGUZCY-UHFFFAOYSA-N,4-propan-2-ylbenzaldehyde,CID,30|CAS=122-03-2|CID=326|NAME=CUMINIC ALDEHYDE,,,,,,,,,326,resolved_from_cas,326,resolved_from_cas,326:resolved_from_cas,False,tried_all_cids_no_accepted_roomtemp_vp,Cuminaldehyde,no_vapor_pressure_section,
1000036,2-ETHYL PYRAZINE (HIGHER CONCENTRATION),13925-00-3,26331,CCC1=NC=CN=C1,CCC1=NC=CN=C1,"InChI=1S/C6H8N2/c1-2-6-5-7-3-4-8-6/h3-5H,2H2,1H3",KVFIJIWMDBAGDP-UHFFFAOYSA-N,2-ethylpyrazine,CID,31|CAS=13925-00-3|CID=26331|NAME=2-ETHYL PYRAZINE (HIGHER CONCENTRATION),,,,,,,1.67 [mmHg],,26331,resolved_from_cas,26331,resolved_from_cas,26331:resolved_from_cas,False,tried_all_cids_no_accepted_roomtemp_vp,2-Ethylpyrazine,vp_section_found_but_no_accepted_roomtemp_value,
1000037,EUCALYPTOL,470-82-6,2758,CC1(C2CCC(O1)(CC2)C)C,CC1(C2CCC(O1)(CC2)C)C,"InChI=1S/C10H18O/c1-9(2)8-4-6-10(3,11-9)7-5-8/h8H,4-7H2,1-3H3",WEEGYLXZBRQIMU-UHFFFAOYSA-N,"1,3,3-trimethyl-2-oxabicyclo[2.2.2]octane",CID,32|CAS=470-82-6|CID=2758|NAME=EUCALYPTOL,1.9,1.9,mm Hg,25.0,explicit_temperature_near_value,False,1.90 mm Hg at 25 °C,75.0,2758,resolved_from_cas,2758,resolved_from_cas,2758:resolved_from_cas,False,not_needed,"1,8-Cineole",found,
1000038,ALPHA-IRONE,79-69-6,5371002,CC1CC=C(C(C1(C)C)/C=C/C(=O)C)C,CC1CC=C(C(C1(C)C)C=CC(=O)C)C,"InChI=1S/C14H22O/c1-10-6-7-11(2)14(4,5)13(10)9-8-12(3)15/h6,8-9,11,13H,7H2,1-5H3/b9-8+",JZQOJFLIJNRDHK-CMDGGOBGSA-N,"(E)-4-(2,5,6,6-tetramethylcyclohex-2-en-1-yl)but-3-en-2-one",CID,33|CAS=79-69-6|CID=5371002|NAME=ALPHA-IRONE,,,,,,,,,5371002,resolved_from_cas,5371002,resolved_from_cas,5371002:resolved_from_cas,False,tried_all_cids_no_accepted_roomtemp_vp,alpha-Irone,no_vapor_pressure_section,
1000039,MELONAL,106-72-9,61016,CC(CCC=C(C)C)C=O,CC(CCC=C(C)C)C=O,"InChI=1S/C9H16O/c1-8(2)5-4-6-9(3)7-10/h5,7,9H,4,6H2,1-3H3",YGFGZTXGYTUXBA-UHFFFAOYSA-N,"2,6-dimethylhept-5-enal",CID,34|CAS=106-72-9|CID=61016|NAME=MELONAL,,,,,,,0.76 [mmHg],,61016,resolved_from_cas,61016,resolved_from_cas,61016:resolved_from_cas,False,tried_all_cids_no_accepted_roomtemp_vp,"(+-)-2,6-Dimethyl-5-heptenal",vp_section_found_but_no_accepted_roomtemp_value,
1000040,1-OCTANOL,111-87-5,957,CCCCCCCCO,CCCCCCCCO,"InChI=1S/C8H18O/c1-2-3-4-5-6-7-8-9/h9H,2-8H2,1H3",KBPLFHHGFOOTCA-UHFFFAOYSA-N,octan-1-ol,CID,35|CAS=111-87-5|CID=957|NAME=1-OCTANOL,0.06525537,8.7,Pa,20.0,explicit_temperature_near_value,False,"Vapor pressure, Pa at 20 °C: 8.7",100.0,957,resolved_from_cas,957,resolved_from_cas,957:resolved_from_cas,False,not_needed,1-Octanol,found,
1000041,PHENYL ACETIC ACID,103-82-2,999,C1=CC=C(C=C1)CC(=O)O,C1=CC=C(C=C1)CC(=O)O,"InChI=1S/C8H8O2/c9-8(10)6-7-4-2-1-3-5-7/h1-5H,6H2,(H,9,10)",WLJVXDMOQOGPHL-UHFFFAOYSA-N,2-phenylacetic acid,CID,36|CAS=103-82-2|CID=999|NAME=PHENYL ACETIC ACID,0.0038,0.0038,mm Hg,25.0,explicit_temperature_near_value,True,3.8X10-3 mm Hg at 25 °C (extrapolated),67.0,999,resolved_from_cas,999,resolved_from_cas,999:resolved_from_cas,False,not_needed,Phenylacetic Acid,found,
1000042,ALD C8,124-13-0,454,CCCCCCCC=O,CCCCCCCC=O,"InChI=1S/C8H16O/c1-2-3-4-5-6-7-8-9/h8H,2-7H2,1H3",NUJGJRNETVAIRJ-UHFFFAOYSA-N,octanal,CID,37|CAS=124-13-0|CID=454|NAME=ALD C8,1.18,1.18,mm Hg,25.0,explicit_temperature_near_value,False,1.18 [mm Hg] @ 25 °C,75.0,454,resolved_from_cas,454,resolved_from_cas,454:resolved_from_cas,False,not_needed,Octanal,found,
1000043,ALD C9,124-19-6,31289,CCCCCCCCC=O,CCCCCCCCC=O,"InChI=1S/C9H18O/c1-2-3-4-5-6-7-8-9-10/h9H,2-8H2,1H3",GYHFUZHODSMOHU-UHFFFAOYSA-N,nonanal,CID,38|CAS=124-19-6|CID=31289|NAME=ALD C9,0.37,0.37000000000000005,mm Hg,25.0,explicit_temperature_near_value,True,3.7X10-1 mm Hg at 25 °C /Extrapolated/,67.0,31289,resolved_from_cas,31289,resolved_from_cas,31289:resolved_from_cas,False,not_needed,Nonanal,found,
1000044,ETHYL VANILLIN,121-32-4,8467,CCOC1=C(C=CC(=C1)C=O)O,CCOC1=C(C=CC(=C1)C=O)O,"InChI=1S/C9H10O3/c1-2-12-9-5-7(6-10)3-4-8(9)11/h3-6,11H,2H2,1H3",CBOQJANXLMLOSS-UHFFFAOYSA-N,3-ethoxy-4-hydroxybenzaldehyde,CID,39|CAS=121-32-4|CID=8467|NAME=ETHYL VANILLIN,1.04e-05,1.04e-05,mm Hg,25.0,explicit_temperature_near_value,False,1.04X10-5 mm Hg at 25 °C,75.0,8467,resolved_from_cas,8467,resolved_from_cas,8467:resolved_from_cas,False,not_needed,Ethylvanillin,found,
1000045,DAMASCONE B,23726-91-2,5374527,C/C=C/C(=O)C1=C(CCCC1(C)C)C,CC=CC(=O)C1=C(CCCC1(C)C)C,"InChI=1S/C13H20O/c1-5-7-11(14)12-10(2)8-6-9-13(12,3)4/h5,7H,6,8-9H2,1-4H3/b7-5+",BGTBFNDXYDYBEY-FNORWQNLSA-N,"(E)-1-(2,6,6-trimethylcyclohexen-1-yl)but-2-en-1-one",CID,40|CAS=23726-91-2|CID=5374527|NAME=DAMASCONE B,,,,,,,,,5374527,resolved_from_cas,5374527,resolved_from_cas,5374527:resolved_from_cas,False,tried_all_cids_no_accepted_roomtemp_vp,beta-DAMASCONE,no_vapor_pressure_section,
1000046,ISO E SUPER (IFF),54464-57-2,108242,CC1CC2=C(CC1(C)C(=O)C)C(CCC2)(C)C,CC1CC2=C(CC1(C)C(=O)C)C(CCC2)(C)C,"InChI=1S/C16H26O/c1-11-9-13-7-6-8-15(3,4)14(13)10-16(11,5)12(2)17/h11H,6-10H2,1-5H3",FVUGZKDGWGKCFE-UHFFFAOYSA-N,"1-(2,3,8,8-tetramethyl-1,3,4,5,6,7-hexahydronaphthalen-2-yl)ethanone",CID,41|CAS=54464-57-2|CID=108242|NAME=ISO E SUPER (IFF),,,,,,,,,108242,resolved_from_cas,108242,resolved_from_cas,108242:resolved_from_cas,False,tried_all_cids_no_accepted_roomtemp_vp,"1-(1,2,3,4,5,6,7,8-Octahydro-2,3,8,8-tetramethyl-2-naphthalenyl)ethanone",no_vapor_pressure_section,
1000047,2-PHENYL PROP ALD DIMETH ACET,90-87-9,62336,CC(C1=CC=CC=C1)C(OC)OC,CC(C1=CC=CC=C1)C(OC)OC,"InChI=1S/C11H16O2/c1-9(11(12-2)13-3)10-7-5-4-6-8-10/h4-9,11H,1-3H3",UFOUDYPOSJJEDJ-UHFFFAOYSA-N,"1,1-dimethoxypropan-2-ylbenzene",CID,42|CAS=90-87-9|CID=62336|NAME=2-PHENYL PROP ALD DIMETH ACET,,,,,,,,,62336,resolved_from_cas,62336,resolved_from_cas,62336:resolved_from_cas,False,tried_all_cids_no_accepted_roomtemp_vp,2-Phenylpropionaldehyde dimethyl acetal,no_vapor_pressure_section,
1000048,LAEVO-BORNYL ACETATE,5655-61-8,93009,CC(=O)O[C@@H]1C[C@@H]2CC[C@]1(C2(C)C)C,CC(=O)OC1CC2CCC1(C2(C)C)C,"InChI=1S/C12H20O2/c1-8(13)14-10-7-9-5-6-12(10,4)11(9,2)3/h9-10H,5-7H2,1-4H3/t9-,10+,12+/m0/s1",KGEKLUUHTZCSIP-HOSYDEDBSA-N,"[(1S,2R,4S)-1,7,7-trimethyl-2-bicyclo[2.2.1]heptanyl] acetate",CID,43|CAS=5655-61-8|CID=93009|NAME=LAEVO-BORNYL ACETATE,,,,,,,0.6 [mmHg],,93009,resolved_from_cas,93009,resolved_from_cas,93009:resolved_from_cas,False,tried_all_cids_no_accepted_roomtemp_vp,"Bornyl acetate, (-)-",vp_section_found_but_no_accepted_roomtemp_value,
1000049,CARYOPHYLLENE,87-44-5,5281515,C/C/1=C\CCC(=C)[C@H]2CC([C@@H]2CC1)(C)C,CC1=CCCC(=C)C2CC(C2CC1)(C)C,"InChI=1S/C15H24/c1-11-6-5-7-12(2)13-10-15(3,4)14(13)9-8-11/h6,13-14H,2,5,7-10H2,1,3-4H3/b11-6+/t13-,14-/m1/s1",NPNUFJAVOOONJE-GFUGXAQUSA-N,"(1R,4E,9S)-4,11,11-trimethyl-8-methylidenebicyclo[7.2.0]undec-4-ene",CID,44|CAS=87-44-5|CID=5281515|NAME=CARYOPHYLLENE,,,,,,,,,5281515,resolved_from_cas,5281515,resolved_from_cas,5281515:resolved_from_cas,False,tried_all_cids_no_accepted_roomtemp_vp,(-)-Caryophyllene,no_vapor_pressure_section,
1000050,ETHYL PHENYL GLYCIDATE,121-39-1,8469,CCOC(=O)C1C(O1)C2=CC=CC=C2,CCOC(=O)C1C(O1)C2=CC=CC=C2,"InChI=1S/C11H12O3/c1-2-13-11(12)10-9(14-10)8-6-4-3-5-7-8/h3-7,9-10H,2H2,1H3",GOMAKLPNAAZVCJ-UHFFFAOYSA-N,ethyl 3-phenyloxirane-2-carboxylate,CID,45|CAS=121-39-1|CID=8469|NAME=ETHYL PHENYL GLYCIDATE,,,,,,,,,8469,resolved_from_cas,8469,resolved_from_cas,8469:resolved_from_cas,False,tried_all_cids_no_accepted_roomtemp_vp,Ethyl 3-phenylglycidate,no_vapor_pressure_section,
1000052,CASSYRANE,871465-49-5,11658397,CCCC1(C=CC(O1)C)C(C)(C)C,CCCC1(C=CC(O1)C)C(C)(C)C,"InChI=1S/C12H22O/c1-6-8-12(11(3,4)5)9-7-10(2)13-12/h7,9-10H,6,8H2,1-5H3",BWJMAXUUBRFWGV-UHFFFAOYSA-N,5-tert-butyl-2-methyl-5-propyl-2H-furan,CID,46|CAS=871465-49-5|CID=11658397|NAME=CASSYRANE,,,,,,,,,11658397,resolved_from_cas,11658397,resolved_from_cas,11658397:resolved_from_cas,False,tried_all_cids_no_accepted_roomtemp_vp,Cassyrane,no_vapor_pressure_section,
1000053,(+)-NOOTKATONE,4674-50-4,1268142,C[C@@H]1CC(=O)C=C2[C@]1(C[C@@H](CC2)C(=C)C)C,CC1CC(=O)C=C2C1(CC(CC2)C(=C)C)C,"InChI=1S/C15H22O/c1-10(2)12-5-6-13-8-14(16)7-11(3)15(13,4)9-12/h8,11-12H,1,5-7,9H2,2-4H3/t11-,12-,15+/m1/s1",WTOYNNBCKUYIKC-JMSVASOKSA-N,"(4R,4aS,6R)-4,4a-dimethyl-6-prop-1-en-2-yl-3,4,5,6,7,8-hexahydronaphthalen-2-one",CID,47|CAS=4674-50-4|CID=1268142|NAME=(+)-NOOTKATONE,,,,,,,,,1268142,resolved_from_cas,1268142,resolved_from_cas,1268142:resolved_from_cas,False,tried_all_cids_no_accepted_roomtemp_vp,(+)-Nootkatone,no_vapor_pressure_section,
1000054,ALLYL AMYL GLYCOLATE,67634-00-8,106729,CC(C)CCOCC(=O)OCC=C,CC(C)CCOCC(=O)OCC=C,"InChI=1S/C10H18O3/c1-4-6-13-10(11)8-12-7-5-9(2)3/h4,9H,1,5-8H2,2-3H3",XCWPXUNHSPOFGV-UHFFFAOYSA-N,prop-2-enyl 2-(3-methylbutoxy)acetate,CID,48|CAS=67634-00-8|CID=106729|NAME=ALLYL AMYL GLYCOLATE,,,,,,,,,106729,resolved_from_cas,106729,resolved_from_cas,106729:resolved_from_cas,False,tried_all_cids_no_accepted_roomtemp_vp,Allyl amyl glycolate,no_vapor_pressure_section,
1000056,CEDROL,77-53-2,65575,C[C@@H]1CC[C@@H]2[C@]13CC[C@@]([C@H](C3)C2(C)C)(C)O,CC1CCC2C13CCC(C(C3)C2(C)C)(C)O,"InChI=1S/C15H26O/c1-10-5-6-11-13(2,3)12-9-15(10,11)8-7-14(12,4)16/h10-12,16H,5-9H2,1-4H3/t10-,11+,12-,14-,15+/m1/s1",SVURIXNDRWRAFU-OGMFBOKVSA-N,"(1S,2R,5S,7R,8R)-2,6,6,8-tetramethyltricyclo[5.3.1.01,5]undecan-8-ol",CID,49|CAS=77-53-2|CID=65575|NAME=CEDROL,,,,,,,,,65575,resolved_from_cas,65575,resolved_from_cas,65575:resolved_from_cas,False,tried_all_cids_no_accepted_roomtemp_vp,Cedrol,no_vapor_pressure_section,
1000057,6-METHYLQUINOLINE,91-62-3,7059,CC1=CC2=C(C=C1)N=CC=C2,CC1=CC2=C(C=C1)N=CC=C2,"InChI=1S/C10H9N/c1-8-4-5-10-9(7-8)3-2-6-11-10/h2-7H,1H3",LUYISICIYVKBTA-UHFFFAOYSA-N,6-methylquinoline,CID,50|CAS=91-62-3|CID=7059|NAME=6-METHYLQUINOLINE,3.0,3.0,mmHg,23.889,explicit_temperature_near_value,False,3 mmHg at 75 °F,73.0,7059,resolved_from_cas,7059,resolved_from_cas,7059:resolved_from_cas,False,not_needed,6-Methylquinoline,found,
1000058,GAMMA-VALEROLACTONE,108-29-2,7921,CC1CCC(=O)O1,CC1CCC(=O)O1,"InChI=1S/C5H8O2/c1-4-2-3-5(6)7-4/h4H,2-3H2,1H3",GAEKPEKOJKCEMS-UHFFFAOYSA-N,5-methyloxolan-2-one,CID,51|CAS=108-29-2|CID=7921|NAME=GAMMA-VALEROLACTONE,0.5,0.5,mmHg,28.889,explicit_temperature_near_value,False,0.5 mmHg at 84 °F,71.0,7921,resolved_from_cas,7921,resolved_from_cas,7921:resolved_from_cas,False,not_needed,Gamma-Valerolactone,found,
1000059,TRIMOFIX,144020-22-4,53422908,CC1=CCCC=C(CC=C(C(CC1)C(=O)C)C)C,CC1=CCCC=C(CC=C(C(CC1)C(=O)C)C)C,"InChI=1S/C17H26O/c1-13-7-5-6-8-14(2)10-12-17(16(4)18)15(3)11-9-13/h7-8,11,17H,5-6,9-10,12H2,1-4H3",XVILRJBIOPPCNB-UHFFFAOYSA-N,"1-(2,5,10-trimethylcyclododeca-2,5,9-trien-1-yl)ethanone",CID,52|CAS=144020-22-4|CID=53422908|NAME=TRIMOFIX,,,,,,,,,53422908,existing_cid_fallback,53422908,existing_cid_fallback,53422908:existing_cid_fallback,False,tried_all_cids_no_accepted_roomtemp_vp,"1-(2,5,10-Trimethylcyclododeca-2,5,9-trien-1-yl)ethanone",no_vapor_pressure_section,
1000060,OKOUMAL,131812-67-4,3034278,CC1COC(O1)(C)C2=CC3=C(C=C2)C(CCC3(C)C)(C)C,CC1COC(O1)(C)C2=CC3=C(C=C2)C(CCC3(C)C)(C)C,"InChI=1S/C19H28O2/c1-13-12-20-19(6,21-13)14-7-8-15-16(11-14)18(4,5)10-9-17(15,2)3/h7-8,11,13H,9-10,12H2,1-6H3",JEPWTUCYPWOCQV-UHFFFAOYSA-N,"2,4-dimethyl-2-(5,5,8,8-tetramethyl-6,7-dihydronaphthalen-2-yl)-1,3-dioxolane",CID,53|CAS=131812-67-4|CID=3034278|NAME=OKOUMAL,,,,,,,,,3034278,resolved_from_cas,3034278,resolved_from_cas,3034278:resolved_from_cas,False,tried_all_cids_no_accepted_roomtemp_vp,"1,3-Dioxolane, 2,4-dimethyl-2-(5,6,7,8-tetrahydro-5,5,8,8-tetramethyl-2-naphthalenyl)-",no_vapor_pressure_section,
1000061,2-ISOBUTYL QUINOLINE,93-19-6,7130,CC(C)CC1=NC2=CC=CC=C2C=C1,CC(C)CC1=NC2=CC=CC=C2C=C1,"InChI=1S/C13H15N/c1-10(2)9-12-8-7-11-5-3-4-6-13(11)14-12/h3-8,10H,9H2,1-2H3",FAQVGPWFQGGIPP-UHFFFAOYSA-N,2-(2-methylpropyl)quinoline,CID,54|CAS=93-19-6|CID=7130|NAME=2-ISOBUTYL QUINOLINE,,,,,,,,,7130,resolved_from_cas,7130,resolved_from_cas,7130:resolved_from_cas,False,tried_all_cids_no_accepted_roomtemp_vp,2-Isobutylquinoline,no_vapor_pressure_section,
1000062,TONKA UNDECANONE,69486-14-2,6437737,C/C=C/1\CC2CC1C3C2OC(=O)CC3,CC=C1CC2CC1C3C2OC(=O)CC3,"InChI=1S/C12H16O2/c1-2-7-5-8-6-10(7)9-3-4-11(13)14-12(8)9/h2,8-10,12H,3-6H2,1H3/b7-2+",LLVFKEOMLYDSGT-FARCUNLSSA-N,"(9E)-9-ethylidene-3-oxatricyclo[6.2.1.02,7]undecan-4-one",CID,55|CAS=69486-14-2|CID=6437737|NAME=TONKA UNDECANONE,,,,,,,,,6437737,resolved_from_cas,6437737,resolved_from_cas,6437737:resolved_from_cas,False,tried_all_cids_no_accepted_roomtemp_vp,"5,8-Methano-2H-1-benzopyran-2-one, 6-ethylideneoctahydro-",no_vapor_pressure_section,
1000063,BOISIRIS,68845-00-1,111376,CCOC1(CCC2C(=C)C1CCC2(C)C)C,CCOC1(CCC2C(=C)C1CCC2(C)C)C,"InChI=1S/C15H26O/c1-6-16-15(5)10-8-12-11(2)13(15)7-9-14(12,3)4/h12-13H,2,6-10H2,1,3-5H3",LUNAXRIJWWBQTE-UHFFFAOYSA-N,"2-ethoxy-2,6,6-trimethyl-9-methylidenebicyclo[3.3.1]nonane",CID,56|CAS=68845-00-1|CID=111376|NAME=BOISIRIS,,,,,,,,,111376,resolved_from_cas,111376,resolved_from_cas,111376:resolved_from_cas; 44754825:fallback_resolved_from_name,False,tried_all_cids_no_accepted_roomtemp_vp,"Bicyclo[3.3.1]nonane, 2-ethoxy-2,6,6-trimethyl-9-methylene-",no_vapor_pressure_section,
1000064,SAFRANAL,116-26-7,61041,CC1=C(C(CC=C1)(C)C)C=O,CC1=C(C(CC=C1)(C)C)C=O,"InChI=1S/C10H14O/c1-8-5-4-6-10(2,3)9(8)7-11/h4-5,7H,6H2,1-3H3",SGAWOGXMMPSZPB-UHFFFAOYSA-N,"2,6,6-trimethylcyclohexa-1,3-diene-1-carbaldehyde",CID,57|CAS=116-26-7|CID=61041|NAME=SAFRANAL,,,,,,,,,61041,resolved_from_cas,61041,resolved_from_cas,61041:resolved_from_cas,False,tried_all_cids_no_accepted_roomtemp_vp,Safranal,no_vapor_pressure_section,
1000065,SAFRALEINE,54440-17-4,10149036,CC1C(=O)C2=CC=CC=C2C1(C)C,CC1C(=O)C2=CC=CC=C2C1(C)C,"InChI=1S/C12H14O/c1-8-11(13)9-6-4-5-7-10(9)12(8,2)3/h4-8H,1-3H3",KZSUMHASCAWKLE-UHFFFAOYSA-N,"2,3,3-trimethyl-2H-inden-1-one",CID,58|CAS=54440-17-4|CID=10149036|NAME=SAFRALEINE,,,,,,,,,10149036,resolved_from_cas,10149036,resolved_from_cas,10149036:resolved_from_cas,False,tried_all_cids_no_accepted_roomtemp_vp,"2,3,3-Trimethylindanone",no_vapor_pressure_section,
1000066,DIHYDRO IONONE BETA,17283-81-7,519382,CC1=C(C(CCC1)(C)C)CCC(=O)C,CC1=C(C(CCC1)(C)C)CCC(=O)C,"InChI=1S/C13H22O/c1-10-6-5-9-13(3,4)12(10)8-7-11(2)14/h5-9H2,1-4H3",QJJDNZGPQDGNDX-UHFFFAOYSA-N,"4-(2,6,6-trimethylcyclohexen-1-yl)butan-2-one",CID,59|CAS=17283-81-7|CID=519382|NAME=DIHYDRO IONONE BETA,,,,,,,,,519382,resolved_from_cas,519382,resolved_from_cas,519382:resolved_from_cas,False,tried_all_cids_no_accepted_roomtemp_vp,DIHYDRO-beta-IONONE,no_vapor_pressure_section,
1000068,ISOPHORONE,78-59-1,6544,CC1=CC(=O)CC(C1)(C)C,CC1=CC(=O)CC(C1)(C)C,"InChI=1S/C9H14O/c1-7-4-8(10)6-9(2,3)5-7/h4H,5-6H2,1-3H3",HJOVHMDZYOCNQW-UHFFFAOYSA-N,"3,5,5-trimethylcyclohex-2-en-1-one",CID,60|CAS=78-59-1|CID=6544|NAME=ISOPHORONE,0.30002467,40.0,Pa,20.0,explicit_temperature_near_value,False,"Vapor pressure, Pa at 20 °C: 40",100.0,6544,resolved_from_cas,6544,resolved_from_cas,6544:resolved_from_cas,False,not_needed,Isophorone,found,
1000069,A PHELLANDRENE,99-83-2,7460,CC1=CCC(C=C1)C(C)C,CC1=CCC(C=C1)C(C)C,"InChI=1S/C10H16/c1-8(2)10-6-4-9(3)5-7-10/h4-6,8,10H,7H2,1-3H3",OGLDWXZKYODSOB-UHFFFAOYSA-N,"2-methyl-5-propan-2-ylcyclohexa-1,3-diene",CID,61|CAS=99-83-2|CID=7460|NAME=A PHELLANDRENE,,,,,,,1.4 [mmHg],,7460,resolved_from_cas,7460,resolved_from_cas,7460:resolved_from_cas,False,tried_all_cids_no_accepted_roomtemp_vp,alpha-PHELLANDRENE,vp_section_found_but_no_accepted_roomtemp_value,
1000070,ETHYL PROPIONATE,105-37-3,7749,CCC(=O)OCC,CCC(=O)OCC,"InChI=1S/C5H10O2/c1-3-5(6)7-4-2/h3-4H2,1-2H3",FKRCODPIKNYEAC-UHFFFAOYSA-N,ethyl propanoate,CID,62|CAS=105-37-3|CID=7749|NAME=ETHYL PROPIONATE,40.0,40.0,mm Hg,27.2,explicit_temperature_near_value,False,Vapor pressure: 40 mm Hg @ 27.2 °C,102.0,7749,resolved_from_cas,7749,resolved_from_cas,7749:resolved_from_cas,False,not_needed,Ethyl Propionate,found,
1000071,AMYL BUTYRATE,540-18-1,10890,CCCCCOC(=O)CCC,CCCCCOC(=O)CCC,"InChI=1S/C9H18O2/c1-3-5-6-8-11-9(10)7-4-2/h3-8H2,1-2H3",CFNJLPHOBMVMNS-UHFFFAOYSA-N,pentyl butanoate,CID,63|CAS=540-18-1|CID=10890|NAME=AMYL BUTYRATE,,,,,,,,,10890,resolved_from_cas,10890,resolved_from_cas,10890:resolved_from_cas,False,tried_all_cids_no_accepted_roomtemp_vp,Amyl butyrate,no_vapor_pressure_section,
1000072,1-HEPTANOL,111-70-6,8129,CCCCCCCO,CCCCCCCO,"InChI=1S/C7H16O/c1-2-3-4-5-6-7-8/h8H,2-7H2,1H3",BBMCTIGTTCKYKF-UHFFFAOYSA-N,heptan-1-ol,CID,64|CAS=111-70-6|CID=8129|NAME=1-HEPTANOL,0.11250925,15.0,Pa,20.0,explicit_temperature_near_value,False,"Vapor pressure, Pa at 20 °C: 15",100.0,8129,resolved_from_cas,8129,resolved_from_cas,8129:resolved_from_cas,False,not_needed,Heptanol,found,
1000073,DIHYDROMYRCENOL,18479-58-8,29096,CC(CCCC(C)(C)O)C=C,CC(CCCC(C)(C)O)C=C,"InChI=1S/C10H20O/c1-5-9(2)7-6-8-10(3,4)11/h5,9,11H,1,6-8H2,2-4H3",XSNQECSCDATQEL-UHFFFAOYSA-N,"2,6-dimethyloct-7-en-2-ol",CID,65|CAS=18479-58-8|CID=29096|NAME=DIHYDROMYRCENOL,,,,,,,,,29096,resolved_from_cas,29096,resolved_from_cas,29096:resolved_from_cas,False,tried_all_cids_no_accepted_roomtemp_vp,Dihydromyrcenol,no_vapor_pressure_section,
1000074,HEXYL SALICYLATE,6259-76-3,22629,CCCCCCOC(=O)C1=CC=CC=C1O,CCCCCCOC(=O)C1=CC=CC=C1O,"InChI=1S/C13H18O3/c1-2-3-4-7-10-16-13(15)11-8-5-6-9-12(11)14/h5-6,8-9,14H,2-4,7,10H2,1H3",DUKPKQFHJQGTGU-UHFFFAOYSA-N,hexyl 2-hydroxybenzoate,CID,66|CAS=6259-76-3|CID=22629|NAME=HEXYL SALICYLATE,,,,,,,,,22629,resolved_from_cas,22629,resolved_from_cas,22629:resolved_from_cas,False,tried_all_cids_no_accepted_roomtemp_vp,Hexyl Salicylate,no_vapor_pressure_section,
1000075,EXALTOLIDE,106-02-5,235414,C1CCCCCCCOC(=O)CCCCCC1,C1CCCCCCCOC(=O)CCCCCC1,InChI=1S/C15H28O2/c16-15-13-11-9-7-5-3-1-2-4-6-8-10-12-14-17-15/h1-14H2,FKUPPRZPSYCDRS-UHFFFAOYSA-N,oxacyclohexadecan-2-one,CID,67|CAS=106-02-5|CID=235414|NAME=EXALTOLIDE,,,,,,,,,235414,resolved_from_cas,235414,resolved_from_cas,235414:resolved_from_cas,False,tried_all_cids_no_accepted_roomtemp_vp,Pentadecalactone,no_vapor_pressure_section,
1000076,FRUTENE,68912-13-0,3034895,CCC(=O)OC1C=CC2C1C3CCC2C3,CCC(=O)OC1C=CC2C1C3CCC2C3,"InChI=1S/C13H18O2/c1-2-12(14)15-11-6-5-10-8-3-4-9(7-8)13(10)11/h5-6,8-11,13H,2-4,7H2,1H3",BALAUIYKESNHDW-UHFFFAOYSA-N,"3-tricyclo[5.2.1.02,6]dec-4-enyl propanoate",CID,68|CAS=68912-13-0|CID=3034895|NAME=FRUTENE,,,,,,,,,86579,resolved_from_cas,86579,resolved_from_cas,86579:resolved_from_cas; 3034895:fallback_existing_input_cid,False,tried_all_cids_no_accepted_roomtemp_vp,Tricyclodecenyl propionate,no_vapor_pressure_section,
1000078,ETHYL MALTOL,4940-11-8,21059,CCC1=C(C(=O)C=CO1)O,CCC1=C(C(=O)C=CO1)O,"InChI=1S/C7H8O3/c1-2-6-7(9)5(8)3-4-10-6/h3-4,9H,2H2,1H3",YIKYNHJUKRTCJL-UHFFFAOYSA-N,2-ethyl-3-hydroxypyran-4-one,CID,69|CAS=4940-11-8|CID=21059|NAME=ETHYL MALTOL,,,,,,,,,21059,resolved_from_cas,21059,resolved_from_cas,21059:resolved_from_cas,False,tried_all_cids_no_accepted_roomtemp_vp,Ethyl Maltol,no_vapor_pressure_section,
1000079,8-SEC-BUTYL QUINOLINE,67634-06-4,106734,CCC(C)C1=CC=CC2=C1N=CC=C2,CCC(C)C1=CC=CC2=C1N=CC=C2,"InChI=1S/C13H15N/c1-3-10(2)12-8-4-6-11-7-5-9-14-13(11)12/h4-10H,3H2,1-2H3",UNHPNXMTAQYTRG-UHFFFAOYSA-N,8-butan-2-ylquinoline,CID,70|CAS=67634-06-4|CID=106734|NAME=8-SEC-BUTYL QUINOLINE,,,,,,,,,106734,resolved_from_cas,106734,resolved_from_cas,106734:resolved_from_cas,False,tried_all_cids_no_accepted_roomtemp_vp,8-(sec-Butyl)quinoline,no_vapor_pressure_section,
1000080,ISO-VALERALDEHYDE,590-86-3,11552,CC(C)CC=O,CC(C)CC=O,"InChI=1S/C5H10O/c1-5(2)3-4-6/h4-5H,3H2,1-2H3",YGHRJJRRZDOVPD-UHFFFAOYSA-N,3-methylbutanal,CID,71|CAS=590-86-3|CID=11552|NAME=ISO-VALERALDEHYDE,45.75376279,6.1,kPa,20.0,explicit_temperature_near_value,False,"Vapor pressure, kPa at 20 °C: 6.1",100.0,11552,resolved_from_cas,11552,resolved_from_cas,11552:resolved_from_cas,False,not_needed,3-Methylbutanal,found,
1000081,VERAMOSS,4707-47-5,78435,CC1=CC(=C(C(=C1C(=O)OC)O)C)O,CC1=CC(=C(C(=C1C(=O)OC)O)C)O,"InChI=1S/C10H12O4/c1-5-4-7(11)6(2)9(12)8(5)10(13)14-3/h4,11-12H,1-3H3",UUQHKWMIDYRWHH-UHFFFAOYSA-N,"methyl 2,4-dihydroxy-3,6-dimethylbenzoate",CID,72|CAS=4707-47-5|CID=78435|NAME=VERAMOSS,,,,,,,,,78435,resolved_from_cas,78435,resolved_from_cas,78435:resolved_from_cas,False,tried_all_cids_no_accepted_roomtemp_vp,Atraric Acid,no_vapor_pressure_section,
1000082,VERTOFIX COEUR,32388-55-9,16220111,C[C@@H]1CC[C@@H]2[C@@]13C[C@H](C2(C)C)C(=C(C3)C(=O)C)C,CC1CCC2C13CC(C2(C)C)C(=C(C3)C(=O)C)C,"InChI=1S/C17H26O/c1-10-6-7-15-16(4,5)14-9-17(10,15)8-13(11(14)2)12(3)18/h10,14-15H,6-9H2,1-5H3/t10-,14+,15+,17+/m1/s1",YBUIAJZFOGJGLJ-SWRJLBSHSA-N,"1-[(1R,2R,5S,7R)-2,6,6,8-tetramethyl-9-tricyclo[5.3.1.01,5]undec-8-enyl]ethanone",CID,73|CAS=32388-55-9|CID=16220111|NAME=VERTOFIX COEUR,,,,,,,,,16220111,resolved_from_cas,16220111,resolved_from_cas,16220111:resolved_from_cas; 107065:fallback_resolved_from_name,False,tried_all_cids_no_accepted_roomtemp_vp,Acetylcedrene,no_vapor_pressure_section,
1000083,GALBANOLENE SUPER,16356-11-9,61832,CCCCCC=CC=CC=C,CCCCCC=CC=CC=C,"InChI=1S/C11H18/c1-3-5-7-9-11-10-8-6-4-2/h3,5,7,9,11H,1,4,6,8,10H2,2H3",JQQDKNVOSLONRS-UHFFFAOYSA-N,"undeca-1,3,5-triene",CID,74|CAS=16356-11-9|CID=61832|NAME=GALBANOLENE SUPER,,,,,,,,,61832,resolved_from_cas,61832,resolved_from_cas,61832:resolved_from_cas,False,tried_all_cids_no_accepted_roomtemp_vp,"1,3,5-Undecatriene",no_vapor_pressure_section,
1000084,BENZYL ACETATE,140-11-4,8785,CC(=O)OCC1=CC=CC=C1,CC(=O)OCC1=CC=CC=C1,"InChI=1S/C9H10O2/c1-8(10)11-7-9-5-3-2-4-6-9/h2-6H,7H2,1H3",QUKGYYKBILRGFE-UHFFFAOYSA-N,benzyl acetate,CID,75|CAS=140-11-4|CID=8785|NAME=BENZYL ACETATE,1.4251172,190.0,Pa,25.0,explicit_temperature_near_value,False,"Vapor pressure, Pa at 25 °C: 190",105.0,8785,resolved_from_cas,8785,resolved_from_cas,8785:resolved_from_cas,False,not_needed,Benzyl acetate,found,
1000085,TRIPLAL 97%,68039-49-6,93375,CC1C=C(CCC1C=O)C,CC1C=C(CCC1C=O)C,"InChI=1S/C9H14O/c1-7-3-4-9(6-10)8(2)5-7/h5-6,8-9H,3-4H2,1-2H3",MZZRKEIUNOYYDF-UHFFFAOYSA-N,"2,4-dimethylcyclohex-3-ene-1-carbaldehyde",CID,76|CAS=68039-49-6|CID=93375|NAME=TRIPLAL 97%,,,,,,,,,93375,resolved_from_cas,93375,resolved_from_cas,93375:resolved_from_cas,False,tried_all_cids_no_accepted_roomtemp_vp,"2,4-Dimethyl-3-cyclohexene carboxaldehyde",no_vapor_pressure_section,
1000086,ETHYL LINALOOL,10339-55-6,6433547,CC/C(=C/CCC(C)(C=C)O)/C,CCC(=CCCC(C)(C=C)O)C,"InChI=1S/C11H20O/c1-5-10(3)8-7-9-11(4,12)6-2/h6,8,12H,2,5,7,9H2,1,3-4H3/b10-8+",KRLBLPBPZSSIGH-CSKARUKUSA-N,"(6E)-3,7-dimethylnona-1,6-dien-3-ol",CID,77|CAS=10339-55-6|CID=6433547|NAME=ETHYL LINALOOL,,,,,,,,,6433547,resolved_from_cas,6433547,resolved_from_cas,6433547:resolved_from_cas,False,tried_all_cids_no_accepted_roomtemp_vp,Ethyl linalool,no_vapor_pressure_section,
1000087,VETIVER ACETATE,117-98-6,8347,CC1CC(C=C(C2C1CC(=C(C)C)C2)C)OC(=O)C,CC1CC(C=C(C2C1CC(=C(C)C)C2)C)OC(=O)C,"InChI=1S/C17H26O2/c1-10(2)14-8-16-11(3)6-15(19-13(5)18)7-12(4)17(16)9-14/h6,12,15-17H,7-9H2,1-5H3",UAVFEMBKDRODDE-UHFFFAOYSA-N,"(4,8-dimethyl-2-propan-2-ylidene-3,3a,4,5,6,8a-hexahydro-1H-azulen-6-yl) acetate",CID,78|CAS=117-98-6|CID=8347|NAME=VETIVER ACETATE,,,,,,,,,8347,resolved_from_cas,8347,resolved_from_cas,8347:resolved_from_cas,False,tried_all_cids_no_accepted_roomtemp_vp,Vetivert acetate,no_vapor_pressure_section,
1000088,CITRONELLOL 95,106-22-9,8842,CC(CCC=C(C)C)CCO,CC(CCC=C(C)C)CCO,"InChI=1S/C10H20O/c1-9(2)5-4-6-10(3)7-8-11/h5,10-11H,4,6-8H2,1-3H3",QMVPMAAFGQKVCJ-UHFFFAOYSA-N,"3,7-dimethyloct-6-en-1-ol",CID,79|CAS=106-22-9|CID=8842|NAME=CITRONELLOL 95,0.02,0.02,mm Hg,25.0,explicit_temperature_near_value,False,0.02 mm Hg at 25 °C,75.0,8842,resolved_from_cas,8842,resolved_from_cas,8842:resolved_from_cas,False,not_needed,Citronellol,found,
1000089,CALONE,28940-11-6,120101,CC1=CC2=C(C=C1)OCC(=O)CO2,CC1=CC2=C(C=C1)OCC(=O)CO2,"InChI=1S/C10H10O3/c1-7-2-3-9-10(4-7)13-6-8(11)5-12-9/h2-4H,5-6H2,1H3",SWUIQEBPZIHZQS-UHFFFAOYSA-N,"7-methyl-1,5-benzodioxepin-3-one",CID,80|CAS=28940-11-6|CID=120101|NAME=CALONE,,,,,,,,,120101,resolved_from_cas,120101,resolved_from_cas,120101:resolved_from_cas,False,tried_all_cids_no_accepted_roomtemp_vp,Methyl benzodioxepinone,no_vapor_pressure_section,
1000090,PHENYL ETHYL ACETATE,103-45-7,7654,CC(=O)OCCC1=CC=CC=C1,CC(=O)OCCC1=CC=CC=C1,"InChI=1S/C10H12O2/c1-9(11)12-8-7-10-5-3-2-4-6-10/h2-6H,7-8H2,1H3",MDHYEMXUFSJLGV-UHFFFAOYSA-N,2-phenylethyl acetate,CID,81|CAS=103-45-7|CID=7654|NAME=PHENYL ETHYL ACETATE,,,,,,,,,7654,resolved_from_cas,7654,resolved_from_cas,7654:resolved_from_cas; 20354:fallback_resolved_from_name,False,tried_all_cids_no_accepted_roomtemp_vp,2-Phenylethyl Acetate,no_vapor_pressure_section,
1000091,FRAMBINONE METHYL ETHER,104-20-1,61007,CC(=O)CCC1=CC=C(C=C1)OC,CC(=O)CCC1=CC=C(C=C1)OC,"InChI=1S/C11H14O2/c1-9(12)3-4-10-5-7-11(13-2)8-6-10/h5-8H,3-4H2,1-2H3",PCBSXBYCASFXTM-UHFFFAOYSA-N,4-(4-methoxyphenyl)butan-2-one,CID,82|CAS=104-20-1|CID=61007|NAME=FRAMBINONE METHYL ETHER,,,,,,,,,61007,resolved_from_cas,61007,resolved_from_cas,61007:resolved_from_cas,False,tried_all_cids_no_accepted_roomtemp_vp,Anisylacetone,no_vapor_pressure_section,
1000092,APRIFLOREN,67663-01-8,106756,CCCCCCC1C(CC(=O)O1)C,CCCCCCC1C(CC(=O)O1)C,"InChI=1S/C11H20O2/c1-3-4-5-6-7-10-9(2)8-11(12)13-10/h9-10H,3-8H2,1-2H3",XNRLAEXLQFIKEY-UHFFFAOYSA-N,5-hexyl-4-methyloxolan-2-one,CID,83|CAS=67663-01-8|CID=106756|NAME=APRIFLOREN,,,,,,,,,106756,resolved_from_cas,106756,resolved_from_cas,106756:resolved_from_cas,False,tried_all_cids_no_accepted_roomtemp_vp,3-Methyl-gamma-decalactone,no_vapor_pressure_section,
1000093,AMBROXAN,6790-58-5,10857465,C[C@]12CCCC([C@@H]1CC[C@@]3([C@@H]2CCO3)C)(C)C,CC1(CCCC2(C1CCC3(C2CCO3)C)C)C,"InChI=1S/C16H28O/c1-14(2)8-5-9-15(3)12(14)6-10-16(4)13(15)7-11-17-16/h12-13H,5-11H2,1-4H3/t12-,13+,15-,16+/m0/s1",YPZUZOLGGMJZJO-LQKXBSAESA-N,"(3aR,5aS,9aS,9bR)-3a,6,6,9a-tetramethyl-2,4,5,5a,7,8,9,9b-octahydro-1H-benzo[e][1]benzofuran",CID,84|CAS=6790-58-5|CID=10857465|NAME=AMBROXAN,,,,,,,,,10857465,resolved_from_cas,10857465,resolved_from_cas,10857465:resolved_from_cas,False,tried_all_cids_no_accepted_roomtemp_vp,(-)-Ambroxide,no_vapor_pressure_section,
1000094,ISO AMBRETTOLIDE,28645-51-4,5355293,C1CCC/C=C\CCCCCCOC(=O)CCC1,C1CCCC=CCCCCCCOC(=O)CCC1,"InChI=1S/C16H28O2/c17-16-14-12-10-8-6-4-2-1-3-5-7-9-11-13-15-18-16/h1,3H,2,4-15H2/b3-1-",QILMAYXCYBTEDM-IWQZZHSRSA-N,(10Z)-1-oxacycloheptadec-10-en-2-one,CID,85|CAS=28645-51-4|CID=5355293|NAME=ISO AMBRETTOLIDE,,,,,,,,,5355293,resolved_from_cas,5355293,resolved_from_cas,5355293:resolved_from_cas,False,tried_all_cids_no_accepted_roomtemp_vp,"Isoambrettolide, (Z)-",no_vapor_pressure_section,
1000095,AMBRETTOLIDE,7779-50-2,3591866,C1CCCCC=CCCCCC(=O)OCCCC1,C1CCCCC=CCCCCC(=O)OCCCC1,"InChI=1S/C16H28O2/c17-16-14-12-10-8-6-4-2-1-3-5-7-9-11-13-15-18-16/h4,6H,1-3,5,7-15H2",HMWPDRYGIBLSHB-UHFFFAOYSA-N,1-oxacycloheptadec-7-en-2-one,CID,86|CAS=7779-50-2|CID=3591866|NAME=AMBRETTOLIDE,,,,,,,,,3591866,resolved_from_cas,3591866,resolved_from_cas,3591866:resolved_from_cas; 5365703:fallback_resolved_from_name,False,tried_all_cids_no_accepted_roomtemp_vp,1-Oxacycloheptadec-7-en-2-one,no_vapor_pressure_section,
1000096,ALD C11,112-45-8,8187,C=CCCCCCCCCC=O,C=CCCCCCCCCC=O,"InChI=1S/C11H20O/c1-2-3-4-5-6-7-8-9-10-11-12/h2,11H,1,3-10H2",OFHHDSQXFXLTKC-UHFFFAOYSA-N,undec-10-enal,CID,87|CAS=112-45-8|CID=8187|NAME=ALD C11,,,,,,,,,8187,resolved_from_cas,8187,resolved_from_cas,8187:resolved_from_cas,False,tried_all_cids_no_accepted_roomtemp_vp,10-Undecenal,no_vapor_pressure_section,
1000097,METHYL DIANTILIS,5595-79-9,6453284,CCOC1=C(C=CC(=C1)COC)O,CCOC1=C(C=CC(=C1)COC)O,"InChI=1S/C10H14O3/c1-3-13-10-6-8(7-12-2)4-5-9(10)11/h4-6,11H,3,7H2,1-2H3",FNEWGEWRECZWQM-UHFFFAOYSA-N,2-ethoxy-4-(methoxymethyl)phenol,CID,88|CAS=5595-79-9|CID=6453284|NAME=METHYL DIANTILIS,,,,,,,,,6453284,resolved_from_cas,6453284,resolved_from_cas,6453284:resolved_from_cas,False,tried_all_cids_no_accepted_roomtemp_vp,"Phenol, 2-ethoxy-4-(methoxymethyl)-",no_vapor_pressure_section,
1000098,POLYSANTOL,107898-54-4,15984303,CC1=CCC(C1(C)C)/C=C/C(C)(C)C(C)O,CC1=CCC(C1(C)C)C=CC(C)(C)C(C)O,"InChI=1S/C15H26O/c1-11-7-8-13(15(11,5)6)9-10-14(3,4)12(2)16/h7,9-10,12-13,16H,8H2,1-6H3/b10-9+",QZFSNJAQFWEXEA-MDZDMXLPSA-N,"(E)-3,3-dimethyl-5-(2,2,3-trimethylcyclopent-3-en-1-yl)pent-4-en-2-ol",CID,89|CAS=107898-54-4|CID=15984303|NAME=POLYSANTOL,,,,,,,,,15984303,resolved_from_cas,15984303,resolved_from_cas,15984303:resolved_from_cas,False,tried_all_cids_no_accepted_roomtemp_vp,"4-Penten-2-ol, 3,3-dimethyl-5-(2,2,3-trimethyl-3-cyclopenten-1-yl)-",no_vapor_pressure_section,
1000099,ISOBUTAVAN,20665-85-4,539829,CC(C)C(=O)OC1=C(C=C(C=C1)C=O)OC,CC(C)C(=O)OC1=C(C=C(C=C1)C=O)OC,"InChI=1S/C12H14O4/c1-8(2)12(14)16-10-5-4-9(7-13)6-11(10)15-3/h4-8H,1-3H3",BGKAKRUFBSTALK-UHFFFAOYSA-N,(4-formyl-2-methoxyphenyl) 2-methylpropanoate,CID,90|CAS=20665-85-4|CID=539829|NAME=ISOBUTAVAN,,,,,,,,,539829,resolved_from_cas,539829,resolved_from_cas,539829:resolved_from_cas,False,tried_all_cids_no_accepted_roomtemp_vp,Vanillin isobutyrate,no_vapor_pressure_section,
1000100,(E)-HEXYL CINNAMIC ALD,165184-98-5,1550884,CCCCCC/C(=C\C1=CC=CC=C1)/C=O,CCCCCCC(=CC1=CC=CC=C1)C=O,"InChI=1S/C15H20O/c1-2-3-4-6-11-15(13-16)12-14-9-7-5-8-10-14/h5,7-10,12-13H,2-4,6,11H2,1H3/b15-12+",GUUHFMWKWLOQMM-NTCAYCPXSA-N,(2E)-2-benzylideneoctanal,CID,91|CAS=165184-98-5|CID=1550884|NAME=(E)-HEXYL CINNAMIC ALD,,,,,,,,,1550884,resolved_from_cas,1550884,resolved_from_cas,1550884:resolved_from_cas,False,tried_all_cids_no_accepted_roomtemp_vp,alpha-Hexylcinnamaldehyde,no_vapor_pressure_section,
1000101,BAGDANOL,28219-61-6,6438196,CC/C(=C\CC1CC=C(C1(C)C)C)/CO,CCC(=CCC1CC=C(C1(C)C)C)CO,"InChI=1S/C14H24O/c1-5-12(10-15)7-9-13-8-6-11(2)14(13,3)4/h6-7,13,15H,5,8-10H2,1-4H3/b12-7+",KHQDWCKZXLWDNM-KPKJPENVSA-N,"(E)-2-ethyl-4-(2,2,3-trimethylcyclopent-3-en-1-yl)but-2-en-1-ol",CID,92|CAS=28219-61-6|CID=6438196|NAME=BAGDANOL,,,,,,,,,6438196,existing_cid_fallback,6438196,existing_cid_fallback,6438196:existing_cid_fallback,False,tried_all_cids_no_accepted_roomtemp_vp,"2-Ethyl-4-(2,2,3-trimethylcyclopent-3-en-1-yl)but-2-en-1-ol, (E)-",no_vapor_pressure_section,
1000102,BORNAFIX,128119-70-0,18955245,CC(CO)COC1CC2CCC1(C2(C)C)C,CC(CO)COC1CC2CCC1(C2(C)C)C,"InChI=1S/C14H26O2/c1-10(8-15)9-16-12-7-11-5-6-14(12,4)13(11,2)3/h10-12,15H,5-9H2,1-4H3",YCOHHRPARVZBHK-UHFFFAOYSA-N,"2-methyl-3-[(1,7,7-trimethyl-2-bicyclo[2.2.1]heptanyl)oxy]propan-1-ol",CID,93|CAS=128119-70-0|CID=18955245|NAME=BORNAFIX,,,,,,,,,18955245,resolved_from_cas,18955245,resolved_from_cas,18955245:resolved_from_cas; 154926039:fallback_resolved_from_name,False,tried_all_cids_no_accepted_roomtemp_vp,"2-Methyl-3-((1,7,7-trimethylbicyclo(2.2.1)hept-2-yl)oxy)-1-propanol",no_vapor_pressure_section,
1000103,B CARYOPHYLLENE OXIDE,1139-30-6,1742210,C[C@@]12CC[C@@H]3[C@H](CC3(C)C)C(=C)CC[C@H]1O2,CC1(CC2C1CCC3(C(O3)CCC2=C)C)C,"InChI=1S/C15H24O/c1-10-5-6-13-15(4,16-13)8-7-12-11(10)9-14(12,2)3/h11-13H,1,5-9H2,2-4H3/t11-,12-,13-,15-/m1/s1",NVEQFIOZRFFVFW-RGCMKSIDSA-N,"(1R,4R,6R,10S)-4,12,12-trimethyl-9-methylidene-5-oxatricyclo[8.2.0.04,6]dodecane",CID,94|CAS=1139-30-6|CID=1742210|NAME=B CARYOPHYLLENE OXIDE,,,,,,,,,1742210,resolved_from_cas,1742210,resolved_from_cas,1742210:resolved_from_cas,False,tried_all_cids_no_accepted_roomtemp_vp,Caryophyllene oxide,no_vapor_pressure_section,
1000104,AMYL SALICYLATE,2050-08-0,16299,CCCCCOC(=O)C1=CC=CC=C1O,CCCCCOC(=O)C1=CC=CC=C1O,"InChI=1S/C12H16O3/c1-2-3-6-9-15-12(14)10-7-4-5-8-11(10)13/h4-5,7-8,13H,2-3,6,9H2,1H3",RANVDUNFZBMTBK-UHFFFAOYSA-N,pentyl 2-hydroxybenzoate,CID,95|CAS=2050-08-0|CID=16299|NAME=AMYL SALICYLATE,,,,,,,,,16299,resolved_from_cas,16299,resolved_from_cas,16299:resolved_from_cas,False,tried_all_cids_no_accepted_roomtemp_vp,Amyl Salicylate,no_vapor_pressure_section,
1000105,CINNAMYL CINNAMATE,122-69-0,1550890,C1=CC=C(C=C1)/C=C/COC(=O)/C=C/C2=CC=CC=C2,C1=CC=C(C=C1)C=CCOC(=O)C=CC2=CC=CC=C2,"InChI=1S/C18H16O2/c19-18(14-13-17-10-5-2-6-11-17)20-15-7-12-16-8-3-1-4-9-16/h1-14H,15H2/b12-7+,14-13+",NQBWNECTZUOWID-MZXMXVKLSA-N,[(E)-3-phenylprop-2-enyl] (E)-3-phenylprop-2-enoate,CID,96|CAS=122-69-0|CID=1550890|NAME=CINNAMYL CINNAMATE,,,,,,,,,1550890,resolved_from_cas,1550890,resolved_from_cas,1550890:resolved_from_cas,False,tried_all_cids_no_accepted_roomtemp_vp,Cinnamyl cinnamate,no_vapor_pressure_section,
1000106,CASHMERAN,33704-61-9,92292,CC1C(C2=C(C1(C)C)C(=O)CCC2)(C)C,CC1C(C2=C(C1(C)C)C(=O)CCC2)(C)C,"InChI=1S/C14H22O/c1-9-13(2,3)10-7-6-8-11(15)12(10)14(9,4)5/h9H,6-8H2,1-5H3",MIZGSAALSYARKU-UHFFFAOYSA-N,"1,1,2,3,3-pentamethyl-2,5,6,7-tetrahydroinden-4-one",CID,97|CAS=33704-61-9|CID=92292|NAME=CASHMERAN,,,,,,,,,92292,resolved_from_cas,92292,resolved_from_cas,92292:resolved_from_cas,False,tried_all_cids_no_accepted_roomtemp_vp,(+-)-Cashmeran,no_vapor_pressure_section,
1000107,ALD C10,112-31-2,8175,CCCCCCCCCC=O,CCCCCCCCCC=O,"InChI=1S/C10H20O/c1-2-3-4-5-6-7-8-9-10-11/h10H,2-9H2,1H3",KSMVZQYAVGTKIV-UHFFFAOYSA-N,decanal,CID,98|CAS=112-31-2|CID=8175|NAME=ALD C10,0.103,0.103,mm Hg,25.0,explicit_temperature_near_value,False,0.103 mm Hg at 25 °C/ from experimentally derived coefficients,75.0,8175,resolved_from_cas,8175,resolved_from_cas,8175:resolved_from_cas,False,not_needed,Decanal,found,
1000108,EBANOL,67801-20-1,6437266,CC1=CCC(C1(C)C)/C=C\C(C)C(C)O,CC1=CCC(C1(C)C)C=CC(C)C(C)O,"InChI=1S/C14H24O/c1-10(12(3)15)6-8-13-9-7-11(2)14(13,4)5/h6-8,10,12-13,15H,9H2,1-5H3/b8-6-",RNLHVODSMDJCBR-VURMDHGXSA-N,"(Z)-3-methyl-5-(2,2,3-trimethylcyclopent-3-en-1-yl)pent-4-en-2-ol",CID,99|CAS=67801-20-1|CID=6437266|NAME=EBANOL,,,,,,,,,6437266,resolved_from_cas,6437266,resolved_from_cas,6437266:resolved_from_cas,False,tried_all_cids_no_accepted_roomtemp_vp,Ebanol,no_vapor_pressure_section,
